batter_id_hand,batter_index
282332-0,0
405395-1,1
408234-1,2
425772-1,3
425783-0,4
425784-1,5
425794-1,6
425844-1,7
425877-1,8
429664-0,9
429665-1,10
429719-1,11
430935-0,12
430945-1,13
431145-1,14
431148-0,15
433587-1,16
433589-1,17
434158-0,18
434378-1,19
434658-1,20
434670-1,21
434671-1,22
434778-0,23
434778-1,24
435062-1,25
435064-1,26
435079-1,27
435263-0,28
435522-0,29
435522-1,30
435559-1,31
435622-1,32
443558-1,33
444432-1,34
444482-0,35
444489-1,36
444876-1,37
445055-0,38
445926-1,39
445988-1,40
446263-0,41
446308-0,42
446308-1,43
446321-1,44
446334-1,45
446359-1,46
446372-1,47
446481-1,48
446653-0,49
446653-1,50
446868-0,51
446868-1,52
448179-0,53
448281-0,54
448602-1,55
448801-0,56
448855-1,57
450203-1,58
450306-0,59
450314-0,60
450314-1,61
451192-0,62
451594-0,63
451594-1,64
452095-1,65
452254-1,66
452657-0,67
452678-0,68
452678-1,69
453064-1,70
453268-1,71
453281-0,72
453286-1,73
453343-1,74
453527-1,75
453562-1,76
453568-0,77
453943-1,78
454975-0,79
455104-1,80
455117-1,81
455139-1,82
455976-0,83
456030-1,84
456034-0,85
456051-1,86
456078-1,87
456124-1,88
456488-1,89
456501-1,90
456665-1,91
456701-1,92
456715-1,93
456781-1,94
457705-1,95
457708-1,96
457727-1,97
457759-1,98
457763-1,99
457803-0,100
457915-1,101
457918-0,102
458015-0,103
458681-1,104
458708-1,105
458731-0,106
459964-0,107
460026-1,108
460060-0,109
460060-1,110
460075-1,111
460077-1,112
460086-0,113
460576-1,114
461314-1,115
461829-1,116
461865-0,117
461865-1,118
462101-1,119
465041-1,120
465753-0,121
466320-0,122
466320-1,123
466988-0,124
467055-0,125
467055-1,126
467092-1,127
467100-1,128
467793-0,129
467793-1,130
467827-0,131
468504-1,132
471865-0,133
471911-1,134
474319-1,135
474463-0,136
474568-1,137
474832-0,138
475174-0,139
475247-0,140
475253-0,141
475253-1,142
475582-1,143
476451-1,144
476594-0,145
476704-0,146
476704-1,147
477132-0,148
488671-0,149
488721-1,150
488726-0,151
488768-1,152
488771-0,153
488818-1,154
488984-1,155
489119-0,156
489149-0,157
489334-1,158
491676-1,159
491696-1,160
492802-1,161
493316-1,162
493329-1,163
493472-1,164
493596-1,165
500135-1,166
500208-0,167
500208-1,168
500743-1,169
500779-1,170
500871-0,171
500871-1,172
500874-1,173
501303-0,174
501303-1,175
501381-1,176
501571-1,177
501625-0,178
501659-0,179
501659-1,180
501896-1,181
501981-1,182
501985-1,183
502042-1,184
502043-1,185
502054-1,186
502082-0,187
502110-1,188
502117-1,189
502171-1,190
502179-1,191
502188-1,192
502190-1,193
502210-0,194
502239-1,195
502273-0,196
502481-0,197
502517-0,198
502570-1,199
502624-1,200
502671-1,201
502706-0,202
503449-1,203
503556-0,204
503556-1,205
504379-1,206
506433-1,207
506702-0,208
506702-1,209
506703-1,210
506997-1,211
514888-1,212
514913-1,213
514916-1,214
514917-0,215
514917-1,216
516416-1,217
516770-1,218
516782-1,219
517369-1,220
518452-1,221
518516-1,222
518542-0,223
518553-1,224
518568-1,225
518586-1,226
518595-1,227
518614-0,228
518618-0,229
518626-1,230
518633-0,231
518653-1,232
518692-0,233
518735-0,234
518735-1,235
518774-1,236
518792-0,237
518858-1,238
518876-1,239
518902-1,240
518934-1,241
518960-1,242
519008-0,243
519043-0,244
519048-0,245
519058-0,246
519141-1,247
519144-1,248
519184-0,249
519203-0,250
519222-1,251
519293-1,252
519299-0,253
519303-1,254
519306-1,255
519317-1,256
519326-1,257
519333-1,258
519346-0,259
519390-0,260
519421-0,261
520471-0,262
520471-1,263
521655-1,264
521692-1,265
523253-1,266
523260-1,267
527038-1,268
527049-1,269
527054-1,270
528748-1,271
534606-1,272
541600-1,273
541645-1,274
541650-1,275
542194-1,276
542208-1,277
542255-0,278
542303-1,279
542340-0,280
542340-1,281
542364-0,282
542436-0,283
542436-1,284
542454-0,285
542454-1,286
542513-0,287
542583-1,288
542881-0,289
542882-1,290
542921-1,291
542932-1,292
542947-0,293
542960-1,294
542963-0,295
542979-1,296
542992-1,297
543001-0,298
543022-1,299
543037-1,300
543063-0,301
543068-1,302
543089-1,303
543101-1,304
543105-0,305
543118-1,306
543135-1,307
543148-1,308
543193-1,309
543194-1,310
543228-1,311
543243-1,312
543257-0,313
543257-1,314
543281-1,315
543294-1,316
543302-0,317
543305-0,318
543305-1,319
543308-1,320
543309-1,321
543333-0,322
543376-1,323
543377-0,324
543401-0,325
543432-1,326
543475-1,327
543482-1,328
543484-1,329
543510-1,330
543532-1,331
543543-0,332
543548-0,333
543557-0,334
543592-1,335
543594-0,336
543606-1,337
543685-0,338
543685-1,339
543699-1,340
543760-1,341
543768-0,342
543776-0,343
543807-1,344
543829-0,345
543877-1,346
543939-0,347
544369-0,348
544725-0,349
544725-1,350
544928-0,351
544931-1,352
545121-0,353
545121-1,354
545333-1,355
545337-0,356
545341-1,357
545350-1,358
545358-1,359
545361-1,360
546318-0,361
546990-1,362
546991-1,363
546994-1,364
547001-1,365
547004-0,366
547170-0,367
547172-0,368
547173-1,369
547176-0,370
547179-1,371
547180-0,372
547379-1,373
547888-1,374
547942-0,375
547943-1,376
547982-0,377
547989-1,378
548389-1,379
552662-1,380
553869-1,381
553878-0,382
553882-0,383
553902-1,384
553988-1,385
553993-1,386
554430-0,387
570240-1,388
570256-0,389
570267-1,390
570481-1,391
570482-1,392
570560-0,393
570560-1,394
570632-1,395
570731-1,396
571431-0,397
571437-1,398
571448-1,399
571466-0,400
571466-1,401
571467-1,402
571506-0,403
571510-0,404
571578-0,405
571595-1,406
571602-1,407
571657-1,408
571676-1,409
571679-1,410
571697-0,411
571718-0,412
571740-0,413
571740-1,414
571745-1,415
571760-0,416
571771-1,417
571788-0,418
571800-0,419
571863-0,420
571875-0,421
571912-1,422
571917-1,423
571918-1,424
571927-1,425
571945-1,426
571946-1,427
571970-0,428
571974-1,429
571976-1,430
571980-0,431
572008-1,432
572033-1,433
572039-1,434
572041-1,435
572070-1,436
572073-1,437
572122-0,438
572138-0,439
572140-0,440
572180-1,441
572191-1,442
572204-1,443
572228-1,444
572233-1,445
572287-1,446
572362-1,447
572365-0,448
572761-0,449
572816-0,450
572821-1,451
572863-1,452
572971-0,453
573131-1,454
573135-1,455
573186-1,456
573262-0,457
573669-1,458
575929-1,459
576397-1,460
578428-1,461
578570-0,462
578570-1,463
588751-1,464
591712-1,465
591720-1,466
591741-1,467
591971-0,468
591971-1,469
592122-1,470
592144-1,471
592178-1,472
592192-1,473
592200-1,474
592205-1,475
592206-1,476
592229-1,477
592230-0,478
592230-1,479
592254-1,480
592256-0,481
592261-1,482
592273-1,483
592314-1,484
592325-0,485
592332-0,486
592346-1,487
592348-0,488
592348-1,489
592351-1,490
592387-1,491
592407-1,492
592419-0,493
592444-1,494
592450-1,495
592468-1,496
592518-1,497
592530-0,498
592567-0,499
592620-0,500
592622-0,501
592626-0,502
592629-1,503
592637-1,504
592644-1,505
592656-0,506
592656-1,507
592660-1,508
592662-0,509
592663-1,510
592669-1,511
592680-1,512
592685-0,513
592696-0,514
592716-1,515
592717-1,516
592743-1,517
592761-1,518
592767-0,519
592779-0,520
592789-0,521
592791-1,522
592826-1,523
592836-0,524
592836-1,525
592859-0,526
592859-1,527
592863-0,528
592866-1,529
592885-0,530
593160-1,531
593372-1,532
593423-1,533
593428-1,534
593523-0,535
593527-0,536
593528-1,537
593590-1,538
593643-1,539
593647-0,540
593700-0,541
593700-1,542
593833-1,543
593871-0,544
593871-1,545
593934-1,546
593958-0,547
593993-1,548
594011-0,549
594011-1,550
594694-0,551
594694-1,552
594777-0,553
594798-0,554
594807-1,555
594809-0,556
594824-0,557
594835-0,558
594838-1,559
594953-0,560
594965-1,561
594986-0,562
594987-1,563
594988-0,564
595191-1,565
595222-0,566
595281-0,567
595284-0,568
595284-1,569
595345-0,570
595373-1,571
595375-0,572
595453-1,573
595465-1,574
595751-1,575
595777-0,576
595777-1,577
595798-1,578
595879-0,579
595879-1,580
595881-1,581
595885-0,582
595909-0,583
595928-1,584
595943-1,585
595956-1,586
595978-1,587
595981-1,588
596001-1,589
596012-0,590
596019-0,591
596019-1,592
596049-0,593
596056-1,594
596057-0,595
596059-0,596
596071-0,597
596082-1,598
596103-1,599
596105-0,600
596115-1,601
596117-0,602
596119-0,603
596119-1,604
596129-0,605
596133-1,606
596142-1,607
596144-1,608
596146-0,609
596295-0,610
596451-0,611
596451-1,612
596748-1,613
596825-0,614
596825-1,615
596847-0,616
596847-1,617
598265-0,618
598284-1,619
598286-0,620
599096-1,621
600301-1,622
600303-0,623
600466-1,624
600474-1,625
600524-1,626
600858-1,627
600869-0,628
600869-1,629
600968-0,630
601713-1,631
602074-1,632
602080-1,633
602104-1,634
602922-1,635
605113-1,636
605119-1,637
605131-1,638
605135-1,639
605137-0,640
605137-1,641
605141-1,642
605154-0,643
605156-1,644
605164-0,645
605170-0,646
605170-1,647
605196-1,648
605200-1,649
605204-1,650
605233-0,651
605244-1,652
605253-1,653
605276-1,654
605288-1,655
605346-1,656
605347-1,657
605353-0,658
605361-0,659
605397-1,660
605400-1,661
605412-0,662
605421-0,663
605439-1,664
605446-1,665
605452-1,666
605474-0,667
605480-0,668
605483-0,669
605486-0,670
605490-1,671
605498-0,672
605504-0,673
605507-1,674
605508-0,675
605509-1,676
605512-0,677
605538-1,678
605540-0,679
605548-0,680
605612-0,681
606019-0,682
606115-1,683
606131-1,684
606132-0,685
606149-1,686
606157-1,687
606162-1,688
606192-1,689
606213-1,690
606273-0,691
606299-1,692
606336-1,693
606466-0,694
606466-1,695
606956-1,696
606959-1,697
606988-1,698
606992-1,699
606993-1,700
607043-0,701
607054-0,702
607074-0,703
607111-1,704
607188-1,705
607192-0,706
607200-1,707
607208-1,708
607219-0,709
607223-0,710
607229-1,711
607231-1,712
607249-0,713
607333-0,714
607345-1,715
607391-1,716
607430-1,717
607455-0,718
607461-0,719
607468-1,720
607536-0,721
607560-1,722
607625-1,723
607644-0,724
607680-1,725
607732-1,726
607752-1,727
607776-1,728
608070-0,729
608070-1,730
608324-1,731
608328-0,732
608331-0,733
608334-1,734
608336-0,735
608337-1,736
608339-1,737
608344-0,738
608348-1,739
608349-1,740
608360-1,741
608365-1,742
608369-0,743
608371-1,744
608379-1,745
608384-0,746
608385-0,747
608422-0,748
608475-1,749
608566-1,750
608577-0,751
608596-1,752
608597-0,753
608671-0,754
608686-1,755
608700-1,756
608701-1,757
608703-1,758
608715-1,759
608717-1,760
608718-0,761
608723-1,762
608841-1,763
609274-1,764
609275-0,765
609275-1,766
609280-1,767
612672-1,768
613564-0,769
614173-0,770
614177-1,771
615697-1,772
615698-0,773
615699-0,774
620439-1,775
620442-1,776
620443-1,777
620446-0,778
620446-1,779
620453-1,780
620998-1,781
621002-1,782
621005-1,783
621006-1,784
621008-1,785
621011-0,786
621020-1,787
621028-1,788
621035-1,789
621043-1,790
621052-1,791
621076-1,792
621086-1,793
621107-1,794
621111-1,795
621121-0,796
621141-1,797
621199-1,798
621219-1,799
621244-1,800
621261-1,801
621311-0,802
621324-0,803
621348-0,804
621381-1,805
621433-0,806
621438-1,807
621439-1,808
621446-1,809
621450-0,810
621450-1,811
621453-0,812
621458-0,813
621466-0,814
621468-1,815
621493-1,816
621500-1,817
621505-1,818
621512-1,819
621514-0,820
621520-1,821
621529-1,822
621532-0,823
621545-1,824
621550-1,825
621559-0,826
621559-1,827
621563-0,828
621566-0,829
621573-1,830
622046-0,831
622065-0,832
622072-1,833
622075-1,834
622088-1,835
622098-1,836
622100-1,837
622110-1,838
622168-1,839
622194-0,840
622226-0,841
622268-0,842
622446-1,843
622482-1,844
622491-1,845
622503-1,846
622534-1,847
622569-1,848
622608-1,849
622666-0,850
622666-1,851
622668-0,852
622668-1,853
622682-0,854
622682-1,855
622694-1,856
622700-1,857
622758-1,858
622761-1,859
622766-1,860
622786-1,861
623149-1,862
623167-1,863
623168-0,864
623168-1,865
623180-1,866
623182-1,867
623205-0,868
623205-1,869
623214-1,870
623238-0,871
623319-1,872
623323-1,873
623352-0,874
623364-0,875
623485-1,876
623507-0,877
623508-1,878
623513-0,879
623515-1,880
623520-1,881
623912-1,882
623993-0,883
623993-1,884
624133-0,885
624407-0,886
624413-1,887
624414-1,888
624415-0,889
624416-0,890
624417-1,891
624418-1,892
624419-0,893
624424-0,894
624428-0,895
624431-1,896
624503-0,897
624512-0,898
624513-0,899
624522-1,900
624577-1,901
624585-1,902
624636-1,903
624641-1,904
625510-0,905
625510-1,906
628317-1,907
628338-1,908
628356-1,909
628450-0,910
628451-1,911
628452-1,912
628711-0,913
630034-1,914
630105-0,915
630111-1,916
640444-1,917
640447-1,918
640449-1,919
640455-1,920
640457-0,921
640458-1,922
640459-1,923
640460-1,924
640461-1,925
640464-1,926
640470-1,927
640492-1,928
641154-0,929
641312-1,930
641313-1,931
641323-1,932
641343-0,933
641355-0,934
641360-1,935
641385-0,936
641431-1,937
641432-0,938
641447-0,939
641453-1,940
641468-1,941
641470-0,942
641477-1,943
641482-1,944
641487-0,945
641505-1,946
641511-1,947
641512-1,948
641513-1,949
641525-1,950
641531-1,951
641540-1,952
641541-0,953
641552-1,954
641553-1,955
641555-0,956
641561-1,957
641583-0,958
641584-0,959
641598-1,960
641627-1,961
641645-0,962
641658-1,963
641680-0,964
641680-1,965
641682-1,966
641684-1,967
641712-1,968
641741-0,969
641745-1,970
641771-1,971
641778-1,972
641779-1,973
641786-1,974
641793-1,975
641796-1,976
641807-0,977
641816-1,978
641820-1,979
641829-0,980
641851-1,981
641856-0,982
641857-0,983
641878-0,984
641882-0,985
641884-1,986
641914-1,987
641924-1,988
641927-1,989
641929-1,990
641933-1,991
641941-0,992
641943-0,993
641945-0,994
641999-0,995
642020-1,996
642021-1,997
642028-0,998
642073-1,999
642082-0,1000
642086-0,1001
642092-1,1002
642098-1,1003
642133-0,1004
642136-0,1005
642137-0,1006
642162-1,1007
642165-0,1008
642180-0,1009
642197-1,1010
642201-1,1011
642203-0,1012
642211-0,1013
642215-1,1014
642220-1,1015
642221-0,1016
642232-1,1017
642336-0,1018
642336-1,1019
642350-1,1020
642397-0,1021
642423-0,1022
642451-0,1023
642456-0,1024
642461-0,1025
642545-1,1026
642547-1,1027
642607-1,1028
642694-1,1029
642701-1,1030
642707-1,1031
642708-1,1032
642715-1,1033
642720-1,1034
642721-1,1035
642727-0,1036
642727-1,1037
642731-1,1038
642736-0,1039
642736-1,1040
642772-0,1041
642772-1,1042
642851-1,1043
643217-0,1044
643230-0,1045
643256-1,1046
643265-1,1047
643268-0,1048
643269-1,1049
643271-1,1050
643275-0,1051
643289-1,1052
643290-1,1053
643327-1,1054
643335-0,1055
643348-1,1056
643354-0,1057
643376-1,1058
643377-1,1059
643393-0,1060
643396-1,1061
643418-0,1062
643436-1,1063
643446-0,1064
643524-1,1065
643549-1,1066
643565-0,1067
643603-1,1068
644337-1,1069
644374-1,1070
644433-1,1071
645261-1,1072
645277-0,1073
645277-1,1074
645302-1,1075
645305-1,1076
645444-0,1077
645444-1,1078
645801-0,1079
646240-0,1080
647304-0,1081
647315-1,1082
647336-1,1083
647351-0,1084
647351-1,1085
647378-0,1086
649557-1,1087
649955-1,1088
649966-1,1089
650331-0,1090
650333-0,1091
650339-1,1092
650347-1,1093
650380-1,1094
650391-1,1095
650402-1,1096
650489-0,1097
650489-1,1098
650490-1,1099
650520-1,1100
650528-1,1101
650559-1,1102
650619-0,1103
650644-1,1104
650668-1,1105
650813-1,1106
650832-1,1107
650859-0,1108
650859-1,1109
650883-1,1110
650907-1,1111
650968-1,1112
650971-1,1113
655316-1,1114
655996-1,1115
656024-1,1116
656180-1,1117
656185-0,1118
656185-1,1119
656222-0,1120
656248-1,1121
656252-0,1122
656288-1,1123
656302-1,1124
656305-1,1125
656308-1,1126
656309-0,1127
656309-1,1128
656361-0,1129
656364-0,1130
656371-0,1131
656378-0,1132
656388-1,1133
656403-1,1134
656413-1,1135
656427-1,1136
656448-1,1137
656449-1,1138
656457-0,1139
656467-1,1140
656484-0,1141
656494-1,1142
656495-1,1143
656509-1,1144
656514-0,1145
656537-1,1146
656540-1,1147
656541-0,1148
656546-1,1149
656548-1,1150
656555-1,1151
656568-0,1152
656577-1,1153
656578-1,1154
656582-1,1155
656605-1,1156
656607-0,1157
656627-1,1158
656629-1,1159
656669-1,1160
656686-1,1161
656695-0,1162
656713-0,1163
656716-0,1164
656725-1,1165
656731-1,1166
656734-1,1167
656736-0,1168
656775-0,1169
656775-1,1170
656794-0,1171
656803-1,1172
656807-0,1173
656811-0,1174
656818-0,1175
656821-1,1176
656847-1,1177
656849-0,1178
656876-1,1179
656883-1,1180
656896-1,1181
656941-0,1182
656954-0,1183
656976-0,1184
657006-0,1185
657010-1,1186
657011-1,1187
657017-0,1188
657027-1,1189
657029-1,1190
657041-1,1191
657053-1,1192
657061-0,1193
657061-1,1194
657077-0,1195
657088-0,1196
657089-1,1197
657108-1,1198
657129-1,1199
657136-1,1200
657140-1,1201
657141-1,1202
657144-0,1203
657145-1,1204
657193-0,1205
657193-1,1206
657212-0,1207
657247-1,1208
657277-1,1209
657426-1,1210
657434-0,1211
657444-0,1212
657446-1,1213
657510-1,1214
657557-1,1215
657562-0,1216
657566-1,1217
657571-1,1218
657618-1,1219
657656-1,1220
657672-1,1221
657709-0,1222
657709-1,1223
657733-0,1224
657739-1,1225
657741-1,1226
657757-0,1227
657780-0,1228
658061-0,1229
658069-1,1230
658648-1,1231
658668-1,1232
658677-1,1233
658792-1,1234
659275-1,1235
659366-0,1236
660162-0,1237
660162-1,1238
660271-0,1239
660294-0,1240
660613-1,1241
660614-0,1242
660620-0,1243
660620-1,1244
660623-1,1245
660634-0,1246
660634-1,1247
660636-1,1248
660644-0,1249
660644-1,1250
660650-1,1251
660670-1,1252
660681-1,1253
660688-0,1254
660688-1,1255
660707-1,1256
660710-1,1257
660731-0,1258
660731-1,1259
660757-1,1260
660761-1,1261
660766-1,1262
660813-1,1263
660821-0,1264
660829-0,1265
661148-0,1266
661250-0,1267
661269-1,1268
661388-1,1269
661411-1,1270
661531-1,1271
661733-1,1272
662139-0,1273
663330-1,1274
663368-0,1275
663368-1,1276
663402-0,1277
663411-0,1278
663423-1,1279
663446-0,1280
663457-0,1281
663460-0,1282
663465-0,1283
663474-1,1284
663478-1,1285
663503-0,1286
663527-1,1287
663531-1,1288
663538-1,1289
663544-0,1290
663550-0,1291
663554-1,1292
663567-1,1293
663574-1,1294
663584-1,1295
663586-1,1296
663604-1,1297
663605-1,1298
663609-1,1299
663611-1,1300
663616-0,1301
663618-1,1302
663624-1,1303
663628-0,1304
663630-1,1305
663647-1,1306
663656-0,1307
663660-1,1308
663662-1,1309
663697-1,1310
663698-1,1311
663708-1,1312
663714-1,1313
663728-0,1314
663728-1,1315
663731-1,1316
663734-1,1317
663743-1,1318
663753-0,1319
663757-0,1320
663765-1,1321
663776-0,1322
663796-1,1323
663799-1,1324
663837-1,1325
663845-0,1326
663853-1,1327
663858-0,1328
663886-1,1329
663891-1,1330
663897-1,1331
663898-1,1332
663905-0,1333
663911-0,1334
663944-1,1335
663967-0,1336
663968-0,1337
663968-1,1338
663978-1,1339
663979-1,1340
663993-0,1341
664011-1,1342
664023-0,1343
664023-1,1344
664029-1,1345
664034-1,1346
664040-0,1347
664041-1,1348
664045-1,1349
664051-0,1350
664056-1,1351
664057-0,1352
664058-1,1353
664059-0,1354
664059-1,1355
664060-0,1356
664062-1,1357
664068-1,1358
664074-1,1359
664076-1,1360
664088-0,1361
664119-0,1362
664120-1,1363
664123-1,1364
664141-1,1365
664192-0,1366
664196-1,1367
664199-1,1368
664208-1,1369
664238-1,1370
664247-1,1371
664285-1,1372
664314-0,1373
664332-1,1374
664334-1,1375
664353-1,1376
664670-0,1377
664670-1,1378
664702-1,1379
664728-0,1380
664731-1,1381
664753-1,1382
664761-1,1383
664770-0,1384
664774-0,1385
664789-0,1386
664848-1,1387
664850-0,1388
664854-1,1389
664857-1,1390
664874-1,1391
664877-1,1392
664901-1,1393
664913-0,1394
664916-1,1395
664926-1,1396
664938-1,1397
664954-0,1398
664966-1,1399
664983-0,1400
665019-0,1401
665120-0,1402
665138-0,1403
665154-0,1404
665155-0,1405
665161-1,1406
665173-1,1407
665180-1,1408
665482-1,1409
665487-1,1410
665489-1,1411
665506-1,1412
665560-1,1413
665561-0,1414
665561-1,1415
665648-1,1416
665650-0,1417
665650-1,1418
665651-1,1419
665665-0,1420
665742-0,1421
665750-0,1422
665750-1,1423
665759-1,1424
665776-1,1425
665779-1,1426
665782-1,1427
665795-1,1428
665804-1,1429
665828-0,1430
665828-1,1431
665833-0,1432
665834-0,1433
665839-0,1434
665846-0,1435
665846-1,1436
665856-1,1437
665861-1,1438
665862-0,1439
665877-1,1440
665883-0,1441
665908-1,1442
665914-0,1443
665922-0,1444
665923-1,1445
665926-0,1446
665947-1,1447
665953-1,1448
665966-1,1449
665975-1,1450
665987-1,1451
665989-1,1452
665998-0,1453
666018-0,1454
666023-1,1455
666120-1,1456
666126-0,1457
666128-1,1458
666129-1,1459
666134-0,1460
666135-0,1461
666137-0,1462
666139-0,1463
666143-0,1464
666149-1,1465
666150-0,1466
666152-0,1467
666158-0,1468
666160-0,1469
666161-1,1470
666163-0,1471
666164-0,1472
666165-0,1473
666176-1,1474
666179-0,1475
666181-0,1476
666182-1,1477
666185-0,1478
666185-1,1479
666197-1,1480
666198-1,1481
666200-0,1482
666205-1,1483
666206-1,1484
666211-0,1485
666213-1,1486
666310-0,1487
666397-0,1488
666452-1,1489
666464-1,1490
666624-1,1491
666695-1,1492
666703-1,1493
666712-1,1494
666783-1,1495
666784-1,1496
666801-0,1497
666801-1,1498
666906-0,1499
666915-1,1500
666922-0,1501
666931-1,1502
666969-1,1503
666971-1,1504
667297-1,1505
667351-1,1506
667372-1,1507
667376-1,1508
667442-1,1509
667452-1,1510
667463-0,1511
667472-1,1512
667498-1,1513
667611-1,1514
667663-0,1515
667663-1,1516
667670-1,1517
667719-1,1518
667727-0,1519
668227-1,1520
668472-0,1521
668577-1,1522
668663-1,1523
668667-0,1524
668670-1,1525
668674-0,1526
668678-1,1527
668698-1,1528
668709-0,1529
668715-1,1530
668721-1,1531
668723-1,1532
668731-0,1533
668742-1,1534
668751-0,1535
668784-1,1536
668787-0,1537
668791-1,1538
668800-1,1539
668804-0,1540
668804-1,1541
668820-1,1542
668824-0,1543
668832-0,1544
668843-0,1545
668845-1,1546
668853-0,1547
668876-1,1548
668882-1,1549
668885-1,1550
668888-1,1551
668901-0,1552
668901-1,1553
668904-1,1554
668929-1,1555
668930-0,1556
668939-0,1557
668939-1,1558
668942-0,1559
668952-1,1560
668974-1,1561
669002-0,1562
669003-0,1563
669004-0,1564
669008-0,1565
669016-0,1566
669023-1,1567
669049-1,1568
669060-1,1569
669065-0,1570
669069-1,1571
669087-1,1572
669127-1,1573
669134-1,1574
669137-1,1575
669145-0,1576
669160-1,1577
669203-1,1578
669208-1,1579
669214-0,1580
669221-1,1581
669222-1,1582
669224-0,1583
669234-1,1584
669236-1,1585
669242-0,1586
669242-1,1587
669245-0,1588
669256-1,1589
669257-1,1590
669261-0,1591
669270-1,1592
669288-0,1593
669289-1,1594
669294-0,1595
669304-1,1596
669309-1,1597
669352-1,1598
669357-0,1599
669360-0,1600
669363-1,1601
669364-0,1602
669364-1,1603
669369-0,1604
669369-1,1605
669373-1,1606
669374-1,1607
669384-0,1608
669392-1,1609
669394-1,1610
669397-1,1611
669398-0,1612
669432-0,1613
669450-0,1614
669450-1,1615
669456-1,1616
669471-1,1617
669477-1,1618
669622-1,1619
669674-0,1620
669699-0,1621
669701-0,1622
669702-1,1623
669707-1,1624
669717-1,1625
669720-1,1626
669722-0,1627
669738-1,1628
669742-0,1629
669743-1,1630
669899-0,1631
669911-0,1632
669911-1,1633
669945-0,1634
669952-1,1635
670032-0,1636
670042-0,1637
670084-0,1638
670092-0,1639
670097-1,1640
670113-1,1641
670128-0,1642
670143-0,1643
670156-0,1644
670190-1,1645
670208-0,1646
670223-0,1647
670224-0,1648
670231-0,1649
670242-0,1650
670276-0,1651
670281-1,1652
670298-1,1653
670351-0,1654
670370-1,1655
670410-1,1656
670427-1,1657
670456-1,1658
670462-1,1659
670541-0,1660
670623-1,1661
670712-1,1662
670764-0,1663
670764-1,1664
670766-1,1665
670768-0,1666
670770-0,1667
670869-0,1668
670912-1,1669
670919-1,1670
670950-1,1671
670955-1,1672
670970-0,1673
671056-1,1674
671083-1,1675
671088-0,1676
671113-1,1677
671213-0,1678
671218-1,1679
671221-0,1680
671221-1,1681
671250-1,1682
671265-1,1683
671271-0,1684
671277-0,1685
671287-0,1686
671289-1,1687
671495-0,1688
671495-1,1689
671732-0,1690
671739-0,1691
671790-1,1692
671913-1,1693
671976-0,1694
672018-1,1695
672275-0,1696
672275-1,1697
672279-0,1698
672284-0,1699
672335-1,1700
672356-1,1701
672386-1,1702
672463-1,1703
672478-1,1704
672479-1,1705
672515-1,1706
672517-1,1707
672537-1,1708
672566-1,1709
672580-1,1710
672635-0,1711
672640-1,1712
672642-0,1713
672642-1,1714
672653-1,1715
672656-1,1716
672692-1,1717
672695-0,1718
672695-1,1719
672701-0,1720
672724-1,1721
672744-1,1722
672779-0,1723
672820-1,1724
672823-1,1725
672832-1,1726
672905-1,1727
673237-1,1728
673357-1,1729
673451-0,1730
673461-1,1731
673490-1,1732
673516-1,1733
673548-1,1734
673962-1,1735
673983-1,1736
673995-1,1737
674330-0,1738
674671-1,1739
674677-1,1740
674951-1,1741
675448-1,1742
675455-0,1743
675648-1,1744
675649-0,1745
675656-1,1746
675659-0,1747
675662-1,1748
675910-1,1749
675911-1,1750
675915-1,1751
675921-1,1752
675925-0,1753
675925-1,1754
675961-1,1755
675986-0,1756
675994-1,1757
676002-1,1758
676021-1,1759
676059-1,1760
676070-1,1761
676073-1,1762
676116-0,1763
676198-1,1764
676220-1,1765
676265-1,1766
676309-0,1767
676327-0,1768
676356-1,1769
676369-1,1770
676391-1,1771
676423-1,1772
676439-0,1773
676443-1,1774
676473-1,1775
676475-0,1776
676477-0,1777
676480-1,1778
676509-1,1779
676513-1,1780
676551-1,1781
676572-1,1782
676606-0,1783
676609-1,1784
676625-1,1785
676628-0,1786
676632-0,1787
676639-0,1788
676646-0,1789
676678-0,1790
676694-1,1791
676701-1,1792
676724-0,1793
676733-0,1794
676761-0,1795
676782-0,1796
676801-1,1797
676811-1,1798
676840-1,1799
676857-1,1800
676882-1,1801
676900-1,1802
676913-1,1803
676914-1,1804
676919-1,1805
676939-1,1806
676946-1,1807
676950-1,1808
677007-1,1809
677008-0,1810
677307-0,1811
677341-1,1812
677347-1,1813
677551-0,1814
677551-1,1815
677570-0,1816
677578-0,1817
677581-0,1818
677583-0,1819
677587-0,1820
677587-1,1821
677588-0,1822
677592-1,1823
677593-0,1824
677593-1,1825
677594-1,1826
677595-0,1827
677595-1,1828
677597-1,1829
677599-1,1830
677649-1,1831
677651-1,1832
677731-1,1833
677800-0,1834
677870-1,1835
677928-1,1836
677941-1,1837
677942-1,1838
677950-0,1839
677951-1,1840
677954-1,1841
677960-1,1842
678009-0,1843
678010-0,1844
678011-0,1845
678011-1,1846
678225-0,1847
678246-1,1848
678362-1,1849
678489-0,1850
678489-1,1851
678521-0,1852
678545-1,1853
678554-1,1854
678636-0,1855
678662-1,1856
678681-0,1857
678689-1,1858
678742-1,1859
678760-1,1860
678837-1,1861
678860-1,1862
678865-0,1863
678882-1,1864
678894-1,1865
678926-1,1866
678962-0,1867
679032-1,1868
679529-1,1869
679563-1,1870
679631-0,1871
679663-0,1872
679727-1,1873
679733-1,1874
679734-1,1875
679741-1,1876
679821-0,1877
679821-1,1878
679845-1,1879
679881-0,1880
679938-0,1881
680118-1,1882
680244-0,1883
680396-1,1884
680418-1,1885
680438-0,1886
680518-0,1887
680552-0,1888
680574-1,1889
680577-0,1890
680579-1,1891
680607-0,1892
680631-1,1893
680636-1,1894
680642-1,1895
680672-0,1896
680683-0,1897
680685-1,1898
680686-1,1899
680700-0,1900
680709-0,1901
680710-0,1902
680716-1,1903
680718-0,1904
680722-1,1905
680728-0,1906
680757-0,1907
680763-1,1908
680769-0,1909
680776-0,1910
680777-1,1911
680779-1,1912
680799-0,1913
680814-1,1914
680837-0,1915
680858-1,1916
680862-1,1917
680869-1,1918
680881-1,1919
680911-1,1920
680918-1,1921
680932-0,1922
680938-0,1923
680963-1,1924
680977-0,1925
681082-0,1926
681134-0,1927
681143-0,1928
681146-1,1929
681159-0,1930
681184-0,1931
681260-0,1932
681297-0,1933
681323-0,1934
681326-0,1935
681333-1,1936
681351-1,1937
681370-1,1938
681371-1,1939
681400-0,1940
681453-1,1941
681468-0,1942
681481-0,1943
681495-1,1944
681508-0,1945
681508-1,1946
681526-1,1947
681546-0,1948
681580-0,1949
681584-1,1950
681804-1,1951
681807-1,1952
681831-0,1953
681862-1,1954
681888-0,1955
681909-1,1956
681941-1,1957
681962-1,1958
681987-1,1959
682040-0,1960
682073-1,1961
682109-0,1962
682162-1,1963
682182-1,1964
682183-0,1965
682187-0,1966
682192-1,1967
682218-1,1968
682265-1,1969
682266-1,1970
682515-1,1971
682617-1,1972
682619-1,1973
682621-1,1974
682622-1,1975
682626-1,1976
682630-1,1977
682641-1,1978
682648-1,1979
682656-1,1980
682657-0,1981
682685-1,1982
682714-1,1983
682796-0,1984
682829-0,1985
682829-1,1986
682830-1,1987
682844-1,1988
682848-0,1989
682848-1,1990
682927-0,1991
682927-1,1992
682928-0,1993
682942-1,1994
682947-1,1995
682985-0,1996
682987-0,1997
682998-0,1998
683002-0,1999
683011-1,2000
683021-1,2001
683061-0,2002
683083-0,2003
683090-1,2004
683146-0,2005
683172-0,2006
683389-0,2007
683414-1,2008
683447-1,2009
683469-1,2010
683481-1,2011
683500-1,2012
683539-0,2013
683610-0,2014
683734-1,2015
683735-1,2016
683737-0,2017
683748-0,2018
683766-1,2019
683770-0,2020
684081-1,2021
684109-1,2022
684495-1,2023
684576-1,2024
684922-1,2025
685084-1,2026
685127-0,2027
685133-0,2028
685298-0,2029
685301-1,2030
685313-0,2031
685332-0,2032
685382-1,2033
685503-1,2034
685744-1,2035
686217-0,2036
686445-0,2037
686452-0,2038
686452-1,2039
686469-0,2040
686475-1,2041
686482-0,2042
686490-1,2043
686523-0,2044
686527-0,2045
686531-1,2046
686546-1,2047
686551-1,2048
686554-0,2049
686555-0,2050
686555-1,2051
686619-1,2052
686659-0,2053
686668-1,2054
686676-1,2055
686681-0,2056
686759-1,2057
686765-0,2058
686765-1,2059
686780-1,2060
686781-1,2061
686797-0,2062
686798-0,2063
686798-1,2064
686823-0,2065
686843-1,2066
686894-1,2067
686958-1,2068
686982-0,2069
686984-0,2070
687019-1,2071
687020-1,2072
687071-1,2073
687093-1,2074
687136-1,2075
687144-1,2076
687206-0,2077
687248-1,2078
687263-1,2079
687282-0,2080
687285-1,2081
687347-1,2082
687363-0,2083
687382-0,2084
687401-1,2085
687426-1,2086
687462-0,2087
687470-0,2088
687493-0,2089
687567-1,2090
687588-0,2091
687597-1,2092
687614-0,2093
687626-1,2094
687724-1,2095
687799-0,2096
687833-0,2097
687859-1,2098
687867-0,2099
687882-1,2100
687952-1,2101
688226-1,2102
688311-1,2103
688403-1,2104
688410-0,2105
688457-0,2106
688460-1,2107
688500-0,2108
688658-1,2109
688682-1,2110
688714-1,2111
688869-0,2112
688907-0,2113
689172-0,2114
689235-1,2115
689288-0,2116
689328-1,2117
689374-1,2118
689456-0,2119
689651-1,2120
689688-1,2121
689763-1,2122
689822-0,2123
689909-0,2124
690443-0,2125
690448-1,2126
690702-0,2127
690841-1,2128
690924-1,2129
690976-0,2130
690993-0,2131
691011-0,2132
691016-0,2133
691021-1,2134
691023-1,2135
691026-1,2136
691176-0,2137
691176-1,2138
691181-0,2139
691186-0,2140
691191-0,2141
691267-1,2142
691268-1,2143
691277-1,2144
691370-1,2145
691406-1,2146
691408-1,2147
691410-1,2148
691411-0,2149
691416-0,2150
691437-1,2151
691449-1,2152
691458-1,2153
691598-1,2154
691617-1,2155
691620-1,2156
691645-0,2157
691718-0,2158
691728-0,2159
691783-1,2160
691785-0,2161
691789-0,2162
691797-1,2163
691907-0,2164
691910-0,2165
691919-0,2166
691922-1,2167
692405-1,2168
692489-1,2169
692497-0,2170
692497-1,2171
692568-1,2172
693049-0,2173
693304-0,2174
693304-1,2175
693306-1,2176
693307-1,2177
693409-0,2178
693819-1,2179
694025-1,2180
694070-1,2181
694175-1,2182
694186-0,2183
694192-1,2184
694199-0,2185
694202-1,2186
694203-1,2187
694206-1,2188
694246-1,2189
694351-0,2190
694355-1,2191
694359-0,2192
694374-1,2193
694376-1,2194
694377-1,2195
694384-0,2196
694497-0,2197
694514-0,2198
694661-1,2199
694760-0,2200
694976-0,2201
695031-1,2202
695078-0,2203
695238-0,2204
695596-1,2205
695653-0,2206
695692-0,2207
696100-1,2208
696135-0,2209
696160-1,2210
696281-0,2211
696285-1,2212
696521-0,2213
699052-1,2214
699082-1,2215
699097-1,2216
699130-1,2217
699144-1,2218
699625-0,2219
700242-0,2220
700246-1,2221
700337-0,2222
700337-1,2223
700652-1,2224
700685-1,2225
700824-1,2226
700931-1,2227
700932-0,2228
700936-0,2229
701305-1,2230
701496-1,2231
701618-1,2232
701649-1,2233
701675-0,2234
701678-1,2235
701778-1,2236
701800-1,2237
702176-0,2238
702258-1,2239
702283-1,2240
702292-0,2241
702328-0,2242
702331-0,2243
702358-1,2244
702416-1,2245
702472-0,2246
702478-1,2247
703154-1,2248
703245-1,2249
703939-0,2250
800145-1,2251
800198-1,2252
800325-0,2253
800325-1,2254
802355-1,2255
802506-0,2256
802991-1,2257
805268-0,2258
805373-1,2259
805842-0,2260
805862-1,2261
805904-0,2262
807799-0,2263
